INSERT INTO SaleTransactionHeader
VALUES
('JCN-S2100', 'JCN-S3100', 'JCN-C3100', '2017-06-19'),
('JCN-S2101', 'JCN-S3101', 'JCN-C3125', '2019-02-20'),
('JCN-S2102', 'JCN-S3102', 'JCN-C3209', '2020-03-21'),
('JCN-S2103', 'JCN-S3103', 'JCN-C4113', '2014-04-22'),
('JCN-S2104', 'JCN-S3104', 'JCN-C4155', '2014-05-15'),
('JCN-S2200', 'JCN-S3200', 'JCN-C4280', '2015-06-05'),
('JCN-S2201', 'JCN-S3201', 'JCN-C5141', '2015-07-07'),
('JCN-S2202', 'JCN-S3202', 'JCN-C5270', '2015-12-22'),
('JCN-S2203', 'JCN-S3203', 'JCN-C6205', '2016-08-10'),
('JCN-S2204', 'JCN-S3204', 'JCN-C7164', '2016-10-05'),
('JCN-S2105', 'JCN-S3100', 'JCN-C3100', '2016-10-23'),
('JCN-S2106', 'JCN-S3101', 'JCN-C3125', '2017-11-30'),
('JCN-S2107', 'JCN-S3102', 'JCN-C3209', '2017-12-11'),
('JCN-S2108', 'JCN-S3103', 'JCN-C4113', '2017-01-25'),
('JCN-S2109', 'JCN-S3104', 'JCN-C4155', '2017-02-26'),
('JCN-S2205', 'JCN-S3200', 'JCN-C4280', '2018-03-16'),
('JCN-S2206', 'JCN-S3201', 'JCN-C5141', '2018-04-17'),
('JCN-S2207', 'JCN-S3202', 'JCN-C5270', '2019-05-11'),
('JCN-S2208', 'JCN-S3203', 'JCN-C6205', '2019-06-09'),
('JCN-S2209', 'JCN-S3204', 'JCN-C7164', '2019-08-07'),
('JCN-S2110', 'JCN-S3100', 'JCN-C3100', '2020-09-08'),
('JCN-S2111', 'JCN-S3101', 'JCN-C3125', '2021-10-18'),
('JCN-S2112', 'JCN-S3102', 'JCN-C3209', '2022-11-10'),
('JCN-S2113', 'JCN-S3103', 'JCN-C4113', '2023-11-19'),
('JCN-S2114', 'JCN-S3104', 'JCN-C4155', '2023-01-25')

INSERT INTO SaleTransactionDetail
VALUES
('JCN-S2100', 'JCN-V5100', 3),
('JCN-S2101', 'JCN-V5101', 2),
('JCN-S2102', 'JCN-V5102', 1),
('JCN-S2103', 'JCN-V5103', 2),
('JCN-S2104', 'JCN-V5104', 4),
('JCN-S2200', 'JCN-V5110', 2),
('JCN-S2201', 'JCN-V5111', 1),
('JCN-S2202', 'JCN-V5112', 1),
('JCN-S2203', 'JCN-V5113', 1),
('JCN-S2204', 'JCN-V5114', 3),
('JCN-S2105', 'JCN-V5100', 1),
('JCN-S2106', 'JCN-V5101', 2),
('JCN-S2107', 'JCN-V5102', 3),
('JCN-S2108', 'JCN-V5103', 3),
('JCN-S2109', 'JCN-V5104', 3),
('JCN-S2205', 'JCN-V5110', 1),
('JCN-S2206', 'JCN-V5111', 2),
('JCN-S2207', 'JCN-V5112', 1),
('JCN-S2208', 'JCN-V5113', 2),
('JCN-S2209', 'JCN-V5114', 3),
('JCN-S2110', 'JCN-V5100', 1),
('JCN-S2111', 'JCN-V5101', 2),
('JCN-S2112', 'JCN-V5102', 1),
('JCN-S2113', 'JCN-V5103', 2),
('JCN-S2114', 'JCN-V5104', 3)


INSERT INTO RentalTransactionHeader
VALUES
('JCN-R1199', 'JCN-S3100', 'JCN-C3100' , '2012-01-02', '55'), 
('JCN-R1149', 'JCN-S3101', 'JCN-C3125' , '2012-02-03', '60'),
('JCN-R1189', 'JCN-S3102', 'JCN-C4113' , '2012-03-04', '82'),
('JCN-R1290', 'JCN-S3103', 'JCN-C4155' , '2013-04-05', '57'),
('JCN-R1197', 'JCN-S3104', 'JCN-C5270' , '2013-05-06', '30'),
('JCN-R1198', 'JCN-S3200', 'JCN-C5141' , '2013-06-07', '25'),
('JCN-R1292', 'JCN-S3201', 'JCN-C6205' , '2015-07-08', '60'),
('JCN-R1249', 'JCN-S3202', 'JCN-C7164' , '2016-08-09', '37'),
('JCN-R1161', 'JCN-S3203', 'JCN-C4280' , '2017-09-10', '75'),
('JCN-R1172', 'JCN-S3204', 'JCN-C3209' , '2018-10-11', '12'),
('JCN-R1291', 'JCN-S3204', 'JCN-C3100' , '2019-11-12', '46'),
('JCN-R1118', 'JCN-S3104', 'JCN-C3100' , '2019-12-13', '28'),
('JCN-R1159', 'JCN-S3201', 'JCN-C4155' , '2020-01-14', '65'),
('JCN-R1289', 'JCN-S3102', 'JCN-C6205' , '2020-10-15', '12'),
('JCN-R0275', 'JCN-S3203', 'JCN-C7164' , '2020-11-16', '23'), 
('JCN-R1265', 'JCN-S3204', 'JCN-C7164' , '2020-11-17', '38'),
('JCN-R1185', 'JCN-S3204', 'JCN-C4280' , '2020-12-18', '21'),
('JCN-R2177', 'JCN-S3204', 'JCN-C4280' , '2020-12-19', '9'),
('JCN-R0174', 'JCN-S3200', 'JCN-C4280' , '2021-11-20', '12'),
('JCN-R2175', 'JCN-S3200', 'JCN-C4155' , '2021-12-22', '18'),
('JCN-R1200', 'JCN-S3200', 'JCN-C4155' , '2021-12-23', '12'),
('JCN-R0204', 'JCN-S3203', 'JCN-C5270' , '2022-05-25', '13'),
('JCN-R2179', 'JCN-S3101', 'JCN-C5270' , '2022-09-26', '39'),
('JCN-R2234', 'JCN-S3100', 'JCN-C3125' , '2023-01-27', '60'),
('JCN-R2212', 'JCN-S3100', 'JCN-C3125' , '2023-02-09', '17') 

INSERT INTO RentalTransactionDetail
VALUES
('JCN-R1199', 'JCN-V5100',  '2'),
('JCN-R1149', 'JCN-V5101',  '3'),
('JCN-R1189', 'JCN-V5102',  '4'),
('JCN-R1290', 'JCN-V5103',  '5'),
('JCN-R1197', 'JCN-V5110',  '6'),
('JCN-R1198', 'JCN-V5101',  '7'),
('JCN-R1292', 'JCN-V5110',  '8'),
('JCN-R1249', 'JCN-V5112',  '9'),
('JCN-R1161', 'JCN-V5113',  '10'),
('JCN-R1172', 'JCN-V5113',  '1'),
('JCN-R1291', 'JCN-V5104',  '2'),
('JCN-R1118', 'JCN-V5103',  '3'),
('JCN-R1159', 'JCN-V5102',  '4'),
('JCN-R1289', 'JCN-V5101',  '5'),
('JCN-R0275', 'JCN-V5100',  '6'),
('JCN-R1265', 'JCN-V5111',  '7'), 
('JCN-R1185', 'JCN-V5111',  '8'),
('JCN-R2177', 'JCN-V5113',  '9'),
('JCN-R0174', 'JCN-V5113',  '10'),
('JCN-R2175', 'JCN-V5114',  '1'),
('JCN-R1200', 'JCN-V5114',  '2'),
('JCN-R0204', 'JCN-V5104',  '3'),
('JCN-R2179', 'JCN-V5104',  '4'),
('JCN-R2234', 'JCN-V5101',  '5'),
('JCN-R2212', 'JCN-V5102',  '6')